"Lidl, Dreimühlenstraße 42, 81371 München"
"Lidl, Albert-Roßhaupter-Straße 35-39, 81369 München"
"Lidl, Schwanthalerstraße 31, 80336 München"
"Lidl, Elisenstraße 3, 80335 München"
"Lidl, Hackerbrücke 4, 80335 München"
"Lidl, Westendstraße 100, 80339 München"
"Lidl, Zweibrückenstraße 8, 80331 München"
"Lidl, Tübinger Str. 9, 80686 München"
"Lidl, Hofmannstraße 16, 81379 München"
"Lidl, Theresienhöhe 5, 80339 München"
"Lidl, Dachauer Str. 92, 80335 München"
"Lidl, Nymphenburger Str. 81, 80636 München"
"Lidl, Orleanspl. 7, 81667 München"
"Lidl, Kistlerhofstraße 152, 81379 München"
"Lidl, Kirchenstraße 86, 81675 München"
"Lidl, Luisenstraße 51-53, 80333 München"
"Lidl, Leopoldstraße 21, 80802 München"
"Lidl, Landsberger Str. 378, 80687 München"
"Lidl, Balanstraße 188, 81549 München"
"Lidl, Schleißheimer Str. 85-87, 80797 München"
"Lidl, Knorrstraße 57, 80807 München"
"Lidl, Fürstenrieder Str. 220, 81377 München"
"Lidl, Biberger Str. 64, 82008 Unterhaching"
"Lidl, Weihenstephaner Str. 32, 81673 München"
"Lidl, Leopoldstraße 144, 80804 München"
"Lidl, Grafinger Str. 29, 81671 München"
"Lidl, Menzinger Str. 85, 80992 München"
"Lidl, Pelkovenstraße 152, 80992 München"
"Lidl, Frankfurter Ring 5, 80807 München"
"Lidl, Freischützstraße 46, 81927 München"
"Lidl, Heimburgstraße 9-15, 81243 München"
"Lidl, Dachauer Str. 380, 80993 München"
"Lidl, Grünwalder Weg 14, 82008 Unterhaching"
"Lidl, Corinthstraße 3, 81825 München"
"Lidl, Ingolstädter Str. 170, 80939 München"
"Lidl, Oskar-Maria-Graf-Ring 17, 81737 München"
"Lidl, Truderinger Str. 190, 81825 München"
"Lidl, Brunhamstraße 18, 81249 München"
"Lidl, Wilhelm-Kemmelmeyer-Bogen 16, 85774 Unterföhring"
"Lidl, Behringstraße 2b, 82152 Planegg"
"Lidl, Siemensstraße 2, 85521 Ottobrunn"
"Lidl, Paul-Gerhardt-Allee 34-36, 81245 München"
"Lidl, Planegger Str. 2, 81241 München"
"Lidl, Nailastraße 21, 81737 München"
"Lidl, Ohmstraße 5, 85609 Aschheim"
"Lidl, Nawiaskystraße 3, 81735 München"
"Lidl, Bodenseestraße 331, 81249 München"
"Lidl, Industriestraße 19, 82110 Germering"
"Lidl, Schleißheimer Str. 466/468, 80797 München"
"Lidl, Wolfratshauser Str. 110, 82049 Pullach im Isartal"
"Lidl, Georg-Reismüller-Straße 28, 80999 München"
"Lidl, Zusestraße 5, 85649 Brunnthal"
"Lidl, Nibelungenstraße 4, 85757 Karlsfeld"
"Lidl, Olchinger Str. 62, 82194 Gröbenzell"
"Lidl, Sonnenstraße 13, 85764 Oberschleißheim"
"Lidl, Bergsonstraße 147, 81245 München"
"Lidl, Gewerbegebiet Nord, Siemensstraße 2, 82178 Puchheim"
"Lidl, Osterfeldstraße 39, 85737 Ismaning"
"Lidl, Münchner Str. 85, 85640 Putzbrunn"
"Lidl, Landshuter Str. 19B, 85716 Unterschleißheim"
"Lidl, a. See 13, 85540 Haar"
"Lidl, Ludwig-Dill-Straße 69, 85221 Dachau"
"Lidl, Wettersteinring 7, 85221 Dachau"
"Lidl, Keplerstraße 4, 85221 Dachau"
"Lidl, Fraunhoferstraße 2, 85551 Kirchheim bei München"
"Lidl, Freisinger Landstraße 45, 85748 Garching bei München"
"Lidl, Rainfarnstraße 48-52, 80933 München"
"Lidl, Hermann-Böcker-Straße 2, 82140 Olching"
"Lidl, Starnberger Str. 38, 82131 Gauting"
"Lidl, Gautinger Str. 37, 82319 Starnberg"
"Lidl, Gruber Str. 59c, 85586 Poing"
"Lidl, Landsberger Str. 16, 82205 Gilching"
"Lidl, Ludwig-Bölkow-Straße 3, 82054 Sauerlach"
"Lidl, Maisacher Str. 61, 82216 Maisach"
"Lidl, Dieselstraße 35, 85386 Eching"
"Lidl, Margeritenstraße 6, 82515 Wolfratshausen"
"Lidl, Maisacher Str. 122, 82256 Fürstenfeldbruck"
"Lidl, Zubringer, A31, 83088 Kiefersfelden"
"Lidl, Kurt-Huber-Ring 17, 82256 Fürstenfeldbruck"
"Lidl, Industriestraße 31, 83607 Holzkirchen"
"Lidl, Gewerbestraße 1, 85229 Markt Indersdorf"
"Lidl, Erdinger Str. 34, 85646 Anzing"
"Lidl, Am Mitterfeld 1, 85614 Kirchseeon"
"Lidl, Clemensänger-Ring 26, 85356 Freising"
"Lidl, Karwendelring 3, 85354 Freising"
"Lidl, Otto-Hahn-Straße 25, 85435 Erding"
"Lidl, Anton-Huber-Straße 2, 85435 Erding"
"Lidl, Hauptstraße 109, 82327 Tutzing"
"Lidl, Jeschkenstraße 17, 82538 Geretsried"
"Lidl, Rudolf-Diesel-Straße 9, 85235 Odelzhausen"
"Lidl, Haidling 19, 85567 Grafing bei München"
"Lidl, Altstadtpassage z. Zt. o. Nr, 85560 Ebersberg"
"Lidl, Gewerbepark Altomünster, Stumpfenbacher Str. 49, 85250 Altomünster"
"Lidl, Töllernallee 2, 82362 Weilheim in Oberbayern"
"Lidl, Grube 51, 82377 Penzberg"
"Lidl, Gewerbepark Bwb 1, 83052 Bruckmühl"
"Lidl, Reichenberger Str. 41, 86161 Augsburg"
"Lidl, Demmeljochstraße 7, 83646 Bad Tölz"
"Lidl, Guldenstraße 31/1/2, 86343 Königsbrunn"
"Lidl, Münchner Str. 14, 86438 Kissing"
"Lidl, Schwaighofstraße 79, 83684 Tegernsee"
"Lidl, Donauring 1, 86836 Untermeitingen"
"Lidl, Heinrich-von-Buz-Straße 4, 86153 Augsburg"
"Lidl, Senefelderstraße 14, 86368 Gersthofen"
"Lidl, Elisabethstraße 15, 85051 Ingolstadt"
"Lidl, Allgäuer Str. 21, 87719 Mindelheim"
"Lidl, Permoserstraße 81, 85057 Ingolstadt"
"Lidl, Traunsteiner Str. 19, 83308 Trostberg"
"Lidl, Am Südpark 12, 86633 Neuburg an der Donau"
"Lidl, Im Moos 2, 86477 Adelsried"
"Lidl, Hauptstraße 24, 82467 Garmisch-Partenkirchen"
"Lidl, Xaver-Ernst-Siedlung 2, 85080 Gaimersheim"
"Lidl, Strassacker 2, 86850 Fischach"
"Lidl, Kochendorfer Str. 44, 74172 Neckarsulm"
"Lidl, Industriestraße 36, 79807 Lottstetten"
"Lidl, Burgkirchener Str. 16, 84489 Burghausen"
"Lidl, Schulhausstraße 16, 91781 Weißenburg in Bayern"
"Lidl, Am Sauereck 1, 86732 Oettingen in Bayern"
"Lidl, Im Starkfeld 59, 89231 Neu-Ulm"
"Lidl, Im Kränzliacker 6, 79576 Weil am Rhein"
"Lidl, Koblenzer Str. 33, 56626 Andernach"
"Lidl, In den Gernäckern 16, 72636 Frickenhausen"
"Lidl, Im Gewerbepark 18-20, 73329 Kuchen"
"Lidl, Industriestraße 2, 71272 Renningen"
"Lidl, Friedenstraße 94 a, 10249 Berlin"
"Lidl, Goldsteinstraße 157, 60528 Frankfurt am Main"
"Lidl, Lohstraße 2, 97638 Mellrichstadt"
"Lidl, Senfte 16, 98527 Suhl"
"Lidl, Jägerhausstraße 8, 98553 Schleusingen"
"Lidl, Presentstraße 22, 63939 Wörth am Main"
"Lidl, Frenzelstraße 2, 07407 Rudolstadt"
"Lidl, Talstraße 77a, 98544 Zella-Mehlis"
"Lidl, Ratsteichstraße 1, 98693 Ilmenau"
"Lidl, Leipziger Str. 82b, 98617 Meiningen"
"Lidl, Mauerstraße 1, 98527 Suhl"
"Lidl, Bahnhofstraße 38, 99894 Friedrichroda"
"Lidl, Am Stadtweg 6, 99817 Eisenach"
"Lidl, Eislebener Str. 4, 99086 Erfurt"
"Lidl, Schwarzburger Ch 59-61, 07407 Rudolstadt"
"Lidl, Näherstiller Str. 41, 98574 Schmalkalden"
"Lidl, Bahnhofstraße 34, 99885 Ohrdruf"
"Lidl, Ichtershäuser Str. 32 a, 99310 Arnstadt"
"Lidl, Triniusstraße 27, 99310 Arnstadt"
"Lidl, Rießnerstraße 20, 99427 Weimar"
"Lidl, Walpertalstraße 2, 99438 Bad Berka"
"Lidl, Mainzer Str. 2, 99610 Sömmerda"
"Lidl, Rhönstraße 25, 36433 Bad Salzungen"
"Lidl, Camburger Str. 26, 07743 Jena"
"Lidl, Dotzheimer Str. 152, 65197 Wiesbaden"
"Lidl, Damaschkestraße 33, 99867 Gotha"
"Lidl, Scharnhorststraße 66, 99099 Erfurt"
"Lidl, Buttstädter Str. 3, 99510 Apolda"
"Lidl, Schöne Allee 14, 99867 Gotha"
"Lidl, Wetzlarer Str. 6, 35619 Braunfels"
"Lidl, Friedloser Str. 19, 36251 Bad Hersfeld"
"Lidl, Erfurter Str. 49a, 99425 Weimar"
"Lidl, Birkunger Str. 31, 37327 Leinefelde-Worbis"
"Lidl, Am Kirchenbach 44, 66740 Saarlouis"
"Lidl, Homberger Str. 140E, 36251 Bad Hersfeld"
"Lidl, Clemdastraße 5, 99817 Eisenach"
"Lidl, Torgauer Str. 74, 04318 Leipzig"
"Lidl, Kyffhäuserstraße 64, 06567 Bad Frankenhausen/Kyffhäuser"
"Lidl, Hinter d. Harwand 63, 99974 Mühlhausen/Thüringen"
"Lidl, Roßpl. 1-3, 99628 Buttstädt"
"Lidl, Jakob-Müller-Straße 2, 55606 Kirn"
"Lidl, Frankfurter Str. 215-217, 34134 Kassel"
"Lidl, Ochshäuser Str. 6, 34123 Kassel"
"Lidl, Ob. Königsstraße 39, 34117 Kassel"
"Lidl, Ostring 62 A, 34125 Kassel"
"Lidl, Aue 16, 36115 Hilders"
"Lidl, Egon-Höhmann-Straße 2, 34266 Niestetal"
"Lidl, Bunsenstraße 105, 34127 Kassel"
"Lidl, Lange Heideteile 11, 34295 Edermünde"
"Lidl, Bahnhofstraße 37, 36110 Schlitz"
"Lidl, Max-Näder-Straße 6, 37115 Duderstadt"
"Lidl, Wolfhager Str. 201, 34127 Kassel"
"Lidl, Hafenstraße 5, 34125 Kassel"
"Lidl, Ihringshäuser Str. 151, 34125 Kassel"
"Lidl, Am Lohwasser 6-8, 37235 Hessisch Lichtenau"
"Lidl, Wenschtstraße 1, 57078 Siegen"
"Lidl, Reichsstraße 16, 99734 Nordhausen"
"Lidl, Eugen-Richter-Straße 28, 99085 Erfurt"
"Lidl, Industriestraße 4a, 37079 Göttingen"
"Lidl, Am Rittertor 1, 99718 Greußen"
"Lidl, Niedertor 1, 36205 Sontra"
"Lidl, Hersfelder Str. 11, 36179 Bebra"
"Lidl, Grenzweg 10, 99091 Erfurt"
"Lidl, Seesener Str. 25b, 37520 Osterode am Harz"
"Lidl, Annastraße 36, 37075 Göttingen"
"Lidl, Kohlenstraße 75, 34121 Kassel"
"Lidl, Weinbergstraße 2, 06526 Sangerhausen"
"Lidl, Bahnhofstraße 19, 37269 Eschwege"
"Lidl, Im Aartal 18 a, 65326 Aarbergen"
"Lidl, Laubenweg 5, 37213 Witzenhausen"
"Lidl, Harleshäuser Str. 21, 34246 Vellmar"
"Lidl, Gießener Str. 71-73, 34560 Fritzlar"
"Lidl, Brückenhofstraße 77, 34132 Kassel"
"Lidl, Hilgershäuser Weg 5, 34212 Melsungen"
"Lidl, Hersfelder Str. 20, 36272 Niederaula"
"Lidl, Bennekuhlenweg 1, 37412 Herzberg am Harz"
"Lidl, Oststraße 1, 37308 Heilbad Heiligenstadt"
"Lidl, Stockenbreite 1, 37434 Gieboldehausen"
"Lidl, Am bhf 3-5, 34582 Borken"
"Lidl, Wiesenstraße 29, 37170 Uslar"
"Lidl, Hedemündener Str. 19, 34346 Hann. Münden"
"Lidl, Friedenstraße 7, 06571 Roßleben-Wiehe"
"Lidl, Hallesche Str. 49, 99734 Nordhausen"
"Lidl, Bahnhofstraße 9-11, 37431 Bad Lauterberg im Harz"
"Lidl, Grimsehlstraße 22-24, 37574 Einbeck"
"Lidl, Wehrscheid 22, 57392 Schmallenberg"
"Lidl, Kachstedter Str. 4, 06556 Artern/Unstrut"
"Lidl, Jahnstraße 10-12, 34286 Spangenberg"
"Lidl, Rischenweg 6, 37124 Rosdorf"
"Lidl, Hersfelder Str. 26, 34576 Homberg (Efze)"
"Lidl, Eleonorastraße 2, 45136 Essen"
"Lidl, Felsenkellerweg 21, 06493 Ballenstedt"
"Lidl, Erfurter Str. 33a, 99706 Sondershausen"
"Lidl, Harzburger Str. 28-30, 38871 Ilsenburg (Harz)"
"Lidl, Industriestraße 6, 34369 Hofgeismar"
"Lidl, Werrastraße 1-3, 37242 Bad Sooden-Allendorf"
"Lidl, Heerweg 55, 99752 Bleicherode"
"Lidl, Roonstraße 14, 44629 Herne"
"Lidl, Musestieg 5, 06502 Thale"
"Lidl, Wolfshof 6, 37127 Dransfeld"
"Lidl, Okerstraße 21, 38640 Goslar"
"Lidl, Knesebeckstraße 47/48, 10719 Berlin"
"Lidl, Nordhäuser Weg 11, 37154 Northeim"
"Lidl, Westerhäuser Str. 35, 38889 Blankenburg (Harz)"
"Lidl, Netteberger Straße, Ferdinand-Spahn-Weg 1, 59379 Selm"
"Lidl, Nevigeser Str. 170, 42113 Wuppertal"
"Lidl, Benzingeröder Ch 6, 38855 Wernigerode"
"Lidl, Webergasse 13, 56355 Nastätten"
"Lidl, Göttinger Str. 34, 37176 Nörten-Hardenberg"
"Lidl, Buscherstraße 3/5, 5a, 40239 Düsseldorf"
"Lidl, Bauhofstraße 21-25, 38678 Clausthal-Zellerfeld"
"Lidl, Kölner Landstraße 265, 52351 Düren"
"Lidl, Sölder Str. 143, 44289 Dortmund"
"Lidl, Hönower Str. 99, 12623 Berlin"
"Lidl, Segeberger Str. 20, 23866 Nahe"
"Lidl, Satower Str. 7, 18059 Rostock"
"Lidl, Halener Str. 23, 49685 Emstek"
"Lidl, Hinrichsdorfer Str. 13A, 18146 Rostock"
"Lidl, Merkurstraße 24, 24943 Flensburg"
"Lidl, Dieselstraße 9, 25813 Husum"
